J_day,Sangju,Nakdan,Gumi,Chilgok,Gangjeong_Goryung,Dalsung,Hapcheon_Changnyung,Changnyung_Haman,Nakdongganghagoo
1,46.03,39.75,30.59,25.52,18.36,13.64,4.94,4.96,0.9
2,46.23,39.65,30.48,25.5,18.34,13.69,4.89,4.91,0.93
3,46.64,39.71,30.42,25.5,18.36,13.55,4.91,4.93,0.89
4,46.91,39.71,30.5,25.49,18.36,13.58,4.92,4.91,0.9
5,47.03,39.79,30.56,25.53,18.35,13.63,4.94,4.94,0.87
6,47.03,39.8,30.53,25.56,18.38,13.62,4.95,4.94,0.92
7,47.03,39.76,30.5,25.51,18.35,13.52,4.96,4.92,0.95
8,47.05,39.75,30.52,25.51,18.34,13.52,4.91,4.92,0.9
9,47.11,39.8,30.51,25.49,18.36,13.6,4.9,4.9,0.88
10,47.11,39.8,30.56,25.54,18.33,13.66,4.94,4.92,0.86
11,47.08,39.8,30.52,25.55,18.32,13.63,4.98,4.98,0.88
12,47.07,39.8,30.54,25.52,18.32,13.66,4.97,4.95,0.93
13,47.07,39.81,30.52,25.53,18.36,13.62,4.96,4.92,0.91
14,47.08,39.77,30.56,25.53,18.35,13.63,5.01,4.99,0.89
15,47.08,39.85,30.55,25.52,18.32,13.64,4.92,4.91,0.93
16,47.08,39.85,30.64,25.5,18.31,13.6,4.95,4.96,0.89
17,47.1,39.91,30.62,25.5,18.34,13.62,4.96,4.95,0.86
18,47.08,39.79,30.66,25.59,18.35,13.66,4.93,4.95,0.88
19,47.07,39.84,30.62,25.51,18.33,13.58,4.99,4.98,0.9
20,47.13,39.87,30.62,25.5,18.29,13.65,4.92,4.92,0.92
21,47.12,39.91,30.68,25.49,18.33,13.64,4.94,4.93,0.9
22,47.08,39.79,30.75,25.56,18.36,13.66,4.95,4.93,0.89
23,47.06,39.72,30.64,25.57,18.36,13.61,5,5.01,0.89
24,47.07,39.74,30.52,25.56,18.35,13.58,4.97,4.96,0.9
25,47.07,39.77,30.56,25.51,18.31,13.53,4.99,4.95,0.89
26,47.07,39.82,30.53,25.53,18.35,13.67,4.96,4.92,0.92
27,47.08,39.82,30.56,25.54,18.31,13.67,5.18,4.9,0.91
28,47.07,39.72,30.61,25.54,18.54,13.82,5.16,4.91,0.86
29,47.06,39.71,30.53,25.53,18.5,13.57,5.14,5.03,0.88
30,47.07,39.73,30.54,25.52,18.49,13.61,5.27,4.94,0.94
31,47.06,39.74,30.51,25.54,18.38,13.54,6.06,4.92,0.88
32,47.02,39.84,30.56,25.55,18.35,13.58,6.44,4.97,0.89
33,47.05,39.76,30.67,25.51,18.3,13.63,6.86,4.94,0.92
34,47.06,39.75,30.84,25.5,18.27,13.54,7.2,4.94,0.89
35,47.05,39.78,31.1,25.5,18.3,13.57,7.33,4.91,0.89
36,47.05,39.72,31.59,25.48,18.3,13.58,7.51,4.91,0.85
37,47.04,39.67,32.03,25.48,18.3,13.61,7.68,4.9,0.82
38,47.02,39.61,32.43,25.47,18.3,13.63,7.87,4.9,0.76
39,47.02,39.59,32.53,25.52,18.33,13.59,8.11,4.9,0.76
40,47.05,39.73,32.52,25.52,18.29,13.56,8.25,4.95,0.76
41,47.04,39.86,32.6,25.53,18.31,13.52,8.25,4.95,0.78
42,47.04,39.76,32.64,25.57,18.37,13.64,8.37,4.94,0.79
43,47.04,39.76,32.62,25.53,18.39,13.66,8.82,4.89,0.8
44,47.09,39.75,32.62,25.51,18.42,13.73,9.09,4.93,0.77
45,47.06,39.89,32.65,25.54,18.44,13.75,9.23,4.97,0.74
46,47.04,39.77,32.64,25.55,18.42,13.77,9.25,4.94,0.84
47,47.05,39.86,32.64,25.45,18.34,13.65,9.27,4.94,0.88
48,47.04,39.66,32.62,25.45,18.36,13.58,9.22,4.91,0.93
49,47.05,39.69,32.65,25.53,18.31,13.51,9.22,4.9,0.91
50,47,39.61,32.61,25.52,18.37,13.62,9.23,4.82,0.92
51,47.05,39.69,32.6,25.49,18.3,13.61,9.29,4.81,0.91
52,47.04,39.79,32.62,25.52,18.33,13.56,9.27,4.82,0.9
53,47.04,39.77,32.6,25.54,18.37,13.75,9.27,4.84,0.89
54,47.04,39.79,32.6,25.52,18.37,13.61,9.27,4.83,0.93
55,47.04,39.79,32.62,25.53,18.36,13.55,9.23,4.86,0.96
56,47.04,39.79,32.56,25.55,18.38,13.61,9.26,4.84,0.96
57,47.03,39.78,32.53,25.49,18.3,13.6,9.37,4.83,0.95
58,47.04,39.76,32.54,25.52,18.32,13.54,9.34,4.84,0.92
59,47.05,39.76,32.53,25.53,18.36,13.55,9.22,4.87,0.86
60,47.09,39.89,32.56,25.63,18.49,13.76,9.33,4.87,0.88
61,47.2,39.98,32.7,25.64,18.64,13.97,9.64,5,0.91
62,47.1,39.8,32.64,25.33,18.48,13.93,9.26,4.95,0.82
63,47.07,39.85,32.64,25.36,18.44,13.67,9.32,4.85,0.79
64,47.12,39.9,32.63,25.47,18.32,13.64,9.32,4.88,0.91
65,47.1,39.91,32.6,25.52,18.39,13.61,9.39,4.99,0.93
66,47.09,39.83,32.64,25.52,18.41,13.62,9.49,4.94,0.93
67,46.94,39.86,32.62,25.52,18.52,13.57,9.31,4.96,0.93
68,47,39.67,32.64,25.54,18.38,13.65,9.24,4.92,0.91
69,47.02,39.8,32.62,25.5,18.3,13.57,9.25,4.96,0.91
70,47.04,39.68,32.61,25.61,18.39,13.55,9.22,4.99,0.86
71,47.03,39.74,32.62,25.57,18.38,13.58,9.25,4.96,0.92
72,47.04,39.8,32.59,25.53,18.33,13.63,9.26,4.9,0.83
73,47.03,39.87,32.58,25.56,18.32,13.63,9.25,4.8,0.91
74,47.03,39.8,32.62,25.6,18.37,13.55,9.26,4.92,0.86
75,47,39.73,32.55,25.43,18.38,13.59,9.26,4.98,0.87
76,47.03,39.89,32.55,25.38,18.32,13.56,9.22,4.85,0.91
77,47.02,39.88,32.55,25.49,18.34,13.64,9.24,4.84,0.87
78,47.02,39.82,32.57,25.59,18.36,13.6,9.24,4.88,0.85
79,47.02,39.81,32.54,25.57,18.38,13.65,9.2,4.84,0.9
80,47.04,39.8,32.58,25.53,18.32,13.59,9.27,4.85,0.91
81,47.03,39.73,32.54,25.57,18.35,13.57,9.21,4.82,0.89
82,47.04,39.75,32.54,25.51,18.31,13.6,9.28,4.86,0.88
83,47.03,39.79,32.52,25.55,18.33,13.52,9.22,4.85,0.92
84,47.03,39.87,32.57,25.51,18.37,13.54,9.22,4.87,0.9
85,47,39.75,32.52,25.54,18.38,13.61,9.22,4.82,0.87
86,47.04,39.86,32.56,25.56,18.34,13.6,9.26,4.85,0.86
87,47.05,39.79,32.58,25.61,18.42,13.6,9.31,4.99,0.89
88,47.12,39.83,32.61,25.62,18.42,13.56,9.2,4.86,0.84
89,47.11,39.77,32.51,25.6,18.41,13.64,9.35,5.04,0.86
90,47.09,39.84,32.56,25.57,18.34,13.62,9.2,4.93,0.89
91,47.06,39.83,32.51,25.6,18.39,13.62,9.24,4.7,0.88
92,47.05,39.81,32.55,25.57,18.4,13.56,9.24,4.61,0.91
93,47.1,39.78,32.56,25.62,18.4,13.59,9.33,4.5,0.86
94,47.31,39.89,32.95,25.81,18.4,13.78,9.4,4.38,0.84
95,47.12,39.66,32.69,25.62,18.29,13.57,9.2,4.32,0.79
96,47.02,39.66,32.58,25.54,18.32,13.62,9.36,4.2,0.79
97,47.03,39.84,32.58,25.59,18.37,13.57,9.36,4.4,0.82
98,47.12,39.84,32.5,25.58,18.34,13.59,9.37,4.42,0.85
99,47.04,39.86,32.6,25.63,18.43,13.63,9.37,4.33,0.9
100,47.03,39.86,32.59,25.64,18.41,13.62,9.22,4.35,0.88
101,47.01,39.8,32.57,25.61,18.36,13.68,9.3,4.35,0.85
102,47.06,39.83,32.57,25.63,18.38,13.56,9.22,4.39,0.88
103,47.12,39.92,32.56,25.58,18.37,13.59,9.27,4.39,0.86
104,47.16,39.94,32.6,25.6,18.37,13.66,9.25,4.43,0.9
105,47.18,39.84,32.68,25.67,18.52,13.8,9.3,4.44,0.91
106,47.15,39.75,32.69,25.73,18.56,13.77,9.27,4.42,0.89
107,47.17,39.87,32.68,25.69,18.56,13.77,9.29,4.39,0.88
108,47.06,39.77,32.6,25.74,18.57,13.74,9.27,4.42,0.89
109,47.11,39.91,32.63,25.73,18.54,13.72,9.33,4.39,0.85
110,47.07,39.81,32.58,25.75,18.59,13.72,9.26,4.34,0.88
111,47.04,39.87,32.55,25.64,18.76,13.73,9.18,4.28,0.85
112,47.03,39.83,32.55,25.56,18.96,13.59,9.19,4.32,0.83
113,46.99,39.74,32.55,25.53,19.2,13.51,9.25,4.3,0.83
114,47.06,39.81,32.51,25.51,19.34,13.67,9.23,4.31,0.82
115,47.05,39.78,32.51,25.54,19.48,13.89,9.24,4.35,0.8
116,47.01,39.75,32.52,25.53,19.51,14.04,9.27,4.35,0.77
117,47.03,39.71,32.51,25.54,19.51,13.99,9.33,4.35,0.78
118,47.02,39.84,32.52,25.52,19.5,14.04,9.25,4.33,0.79
119,47.02,39.79,32.59,25.57,19.5,14.01,9.2,4.35,0.75
120,47.01,39.74,32.52,25.59,19.51,13.99,9.3,4.34,0.78
121,47.03,39.66,32.52,25.62,19.48,14.05,9.26,4.15,0.82
122,47.04,39.76,32.53,25.59,19.51,14.02,9.26,3.99,0.77
123,47.04,39.75,32.52,25.62,19.51,14.03,9.34,3.88,0.76
124,47.05,39.74,32.53,25.65,19.54,14.06,9.24,3.83,0.79
125,47.07,39.72,32.55,25.68,19.5,14.07,9.37,3.58,0.87
126,47.04,39.75,32.52,25.66,19.52,14.05,9.23,3.6,0.81
127,47.03,39.74,32.53,25.64,19.53,14.06,9.38,3.59,0.82
128,47.03,39.71,32.52,25.65,19.53,14.05,9.23,3.58,0.8
129,47.01,39.7,32.51,25.63,19.51,14.07,9.3,3.64,0.81
130,47.08,39.89,32.5,25.61,19.51,14.06,9.27,3.61,0.81
131,47.12,39.88,32.63,25.69,19.56,14.08,9.23,3.64,0.82
132,47.08,39.73,32.51,25.6,19.52,14.09,9.29,3.67,0.84
133,47.06,39.72,32.55,25.62,19.49,14.07,9.14,3.59,0.8
134,47.04,39.71,32.52,25.6,19.52,14.08,9.25,3.67,0.78
135,47.06,39.74,32.52,25.58,19.52,14.11,9.24,3.63,0.82
136,47.2,39.73,32.65,25.67,19.6,14.31,9.29,3.59,0.83
137,47.07,39.74,32.57,25.52,19.47,14.04,9.18,3.7,0.76
138,47.11,39.8,32.63,25.56,19.52,14.16,9.3,3.56,0.71
139,47.1,39.79,32.68,25.52,19.6,14.22,9.29,3.73,0.8
140,47.02,39.73,32.61,25.6,19.59,14.21,9.3,3.61,0.85
141,47.06,39.79,32.61,25.53,19.5,14.03,9.17,3.62,0.84
142,47.09,39.83,32.58,25.56,19.52,13.93,9.23,3.44,0.82
143,47.03,39.74,32.42,25.54,19.51,13.94,9.24,3.25,0.84
144,47.04,39.78,32.49,25.5,19.11,13.91,9.17,3.08,0.82
145,47.06,39.81,32.56,25.52,18.73,13.93,9.34,2.9,0.85
146,46.95,39.72,32.56,25.64,18.88,13.94,9.65,3.02,0.85
147,46.87,39.91,32.58,25.38,18.88,13.95,10.08,2.83,0.84
148,47.04,39.71,32.63,25.57,18.75,13.95,9.95,2.78,0.87
149,47.03,39.79,32.62,25.53,18.67,13.94,10.12,2.89,0.84
150,47.06,39.79,32.61,25.53,18.64,13.9,10.26,2.93,0.83
151,46.95,39.88,32.53,25.62,18.71,13.92,10.47,2.9,0.83
152,47.12,39.72,32.51,25.5,18.71,13.87,10.43,2.67,0.83
153,47.12,39.95,32.71,25.44,18.65,13.93,10.36,2.56,0.86
154,47.1,39.81,32.81,25.83,18.87,14.01,10.36,2.39,0.84
155,47.12,39.93,32.66,25.63,18.82,13.89,10.46,2.11,0.86
156,47.09,39.73,32.56,25.58,18.69,13.87,10.39,2.28,0.86
157,46.91,39.69,32.55,25.54,18.73,13.89,10.35,2.35,0.85
158,46.95,39.72,32.57,25.36,18.83,13.95,10.4,2.23,0.8
159,46.93,39.76,32.57,25.47,18.87,13.86,10.38,2.27,0.83
160,46.84,39.66,32.62,25.54,19,14.03,10.55,2.37,0.8
161,46.85,39.92,32.66,25.58,18.97,13.91,10.53,2.64,0.79
162,47.06,39.77,32.56,25.54,19.01,14.09,10.71,2.77,0.76
163,46.98,39.79,32.58,25.56,18.98,13.96,10.55,2.74,0.73
164,46.82,39.7,32.53,25.51,18.97,13.97,10.14,2.64,0.8
165,46.77,39.82,32.59,25.54,19.01,13.81,10.46,2.76,0.78
166,46.75,39.69,32.47,25.54,18.96,14.02,10.61,2.66,0.87
167,46.75,39.75,32.68,25.54,18.84,13.97,10.45,2.85,0.9
168,46.76,39.76,32.59,25.55,18.72,13.94,10.37,2.84,0.89
169,46.77,39.91,32.53,25.52,18.68,13.98,10.52,2.75,0.87
170,46.78,39.88,32.57,25.59,18.67,13.93,10.4,2.74,0.92
171,46.75,39.83,32.63,25.62,18.79,14.01,10.48,2.61,0.89
172,46.77,39.78,32.58,25.53,18.83,14.01,10.52,2.61,0.91
173,46.77,39.86,32.58,25.35,18.67,13.89,10.49,2.58,0.83
174,46.78,39.85,32.56,25.37,18.82,13.96,10.37,2.58,0.78
175,46.77,39.9,32.6,25.35,18.71,14.04,10.4,2.43,0.79
176,46.99,39.7,32.56,25.37,18.75,13.91,10.45,2.44,0.76
177,47.23,39.95,32.66,25.36,18.76,13.92,10.41,2.41,0.76
178,47.24,39.89,32.62,25.46,18.74,14.01,10.38,2.37,0.77
179,47.23,39.9,32.63,25.43,18.75,13.96,10.35,2.39,0.8
180,47.07,39.72,32.6,25.54,18.79,13.95,10.33,2.25,0.79
181,47.02,39.83,32.55,25.42,18.82,13.95,10.09,2.34,0.83
182,47,39.83,32.51,25.48,18.77,13.99,9.84,2.37,0.83
183,47.06,39.84,32.59,25.52,18.66,13.92,9.86,2.41,0.83
184,47.07,39.89,32.61,25.52,18.78,14.15,9.87,2.34,0.8
185,47.1,39.94,32.71,25.59,18.69,14.04,9.79,2.34,0.82
186,47.01,39.87,32.57,25.58,18.71,14.02,9.85,2.29,0.82
187,47.03,39.92,32.57,25.52,18.67,14.01,9.85,3.77,0.7
188,46.97,39.79,32.53,25.5,18.64,13.95,9.53,5.33,0.7
189,47,40.21,32.67,25.59,19.42,13.79,10.35,5.94,0.58
190,47.08,39.9,32.62,25.53,18.75,14,9.88,4.91,0.64
191,47.07,39.93,32.64,25.58,18.8,14.1,9.85,4.37,0.53
192,47.08,39.85,32.58,25.48,18.65,14,9.88,4.47,0.68
193,46.81,39.94,32.59,25.58,18.71,13.92,9.78,3.47,0.74
194,47.03,39.9,32.66,25.53,18.75,13.99,9.85,2.69,0.76
195,47.02,39.81,32.59,25.58,18.74,13.92,9.87,2.26,0.82
196,47.04,39.87,32.53,25.51,18.68,13.98,9.94,2.25,0.83
197,47.05,39.87,32.59,25.59,18.82,14.11,9.92,2.25,0.84
198,47.08,39.89,32.57,25.65,18.82,14.05,9.85,2.3,0.82
199,47.12,39.87,32.63,25.6,18.82,14.05,9.94,2.3,0.84
200,47.09,39.74,32.64,25.6,18.78,14.01,9.92,2.15,0.84
201,46.86,39.78,32.67,25.68,18.63,13.9,9.84,2.22,0.91
202,47.08,39.81,32.61,25.6,18.25,13.55,9.72,2.17,0.86
203,46.93,39.9,32.61,25.61,18.31,13.68,9.58,2.2,0.81
204,46.89,39.8,32.62,25.67,18.3,13.68,9.37,2.3,0.85
205,47.06,39.86,32.55,25.61,18.27,13.64,9.13,2.35,0.86
206,47.03,39.8,32.61,25.64,18.27,13.57,9.06,2.39,0.87
207,47.04,39.75,32.61,25.64,18.3,13.67,8.87,2.27,0.86
208,47,39.77,32.61,25.64,18.33,13.56,8.74,2.42,0.82
209,47.03,39.71,32.5,25.62,18.43,13.7,8.8,2.26,0.83
210,46.99,39.82,32.48,25.48,18.35,13.58,8.88,2.32,0.84
211,47.02,39.83,32.62,25.47,18.25,13.55,8.77,2.28,0.82
212,47.02,39.74,32.61,25.53,18.38,13.59,8.82,2.34,0.78
213,47.11,39.8,32.57,25.67,18.52,13.67,8.92,2.4,0.84
214,47.15,39.93,32.65,25.66,18.45,14.06,8.86,2.36,0.89
215,47.13,39.83,32.66,25.61,18.41,13.64,8.81,2.48,0.82
216,47.09,39.76,32.65,25.58,18.35,13.6,8.83,2.34,0.85
217,47.05,39.86,32.59,25.55,18.35,13.55,8.95,2.45,0.83
218,47.08,39.9,32.63,25.6,18.43,13.55,8.81,2.39,0.85
219,47.07,39.89,32.67,25.7,18.44,13.7,8.93,2.47,0.83
220,47.03,39.74,32.7,25.6,18.4,13.56,8.88,2.31,0.85
221,47,39.74,32.58,25.56,18.36,13.57,8.87,2.41,0.84
222,47.06,39.79,32.67,25.49,18.4,13.74,9.57,2.36,0.82
223,47.08,39.86,32.66,25.67,18.43,13.69,8.96,2.3,0.83
224,47.06,39.75,32.64,25.58,18.42,13.57,8.84,2.32,0.82
225,47.06,39.79,32.58,25.59,18.4,13.64,8.91,2.27,0.79
226,47.02,39.76,32.56,25.62,18.34,13.55,8.85,2.33,0.81
227,47.05,39.78,32.57,25.68,18.39,13.73,8.93,2.26,0.83
228,47.05,39.71,32.57,25.66,18.39,13.7,8.96,2.32,0.87
229,47.04,39.88,32.53,25.55,18.34,13.56,8.82,2.39,0.86
230,47.03,39.76,32.68,25.61,18.27,13.58,8.87,2.32,0.79
231,47.04,39.9,32.59,25.57,18.3,13.59,8.94,2.31,0.82
232,47.06,39.86,32.64,25.65,18.36,13.65,9.04,2.37,0.81
233,47.15,39.72,32.61,25.71,18.41,13.71,9.15,2.5,0.84
234,47.2,39.7,32.56,25.65,18.3,13.65,8.92,2.48,0.79
235,47.18,39.85,32.72,25.72,18.46,13.73,9.04,2.32,0.77
236,47.24,40.11,32.8,25.67,18.29,15.09,11.48,6.2,0.78
237,47.1,39.78,32.64,25.6,18.29,13.68,9.74,5.85,0.79
238,47.08,39.83,32.61,25.52,18.3,13.63,8.99,2.82,0.59
239,47.04,39.8,32.65,25.62,18.45,13.68,9.04,2.88,0.68
240,47.06,39.72,32.59,25.56,18.39,13.62,8.71,2.48,0.73
241,47.14,39.78,32.67,25.6,18.36,13.63,8.93,2.32,0.75
242,47.09,39.87,32.61,25.5,18.3,13.59,8.77,2.39,0.78
243,47.07,39.72,32.59,25.56,18.29,13.65,8.83,2.3,0.74
244,47.24,39.82,32.58,25.77,18.53,13.85,9.2,2.57,0.78
245,47.03,39.81,32.62,25.67,18.28,13.6,9.06,4.37,0.67
246,47.02,39.82,32.56,25.57,18.35,13.53,8.74,2.36,0.67
247,47.06,39.82,32.57,25.56,18.36,13.63,8.76,2.33,0.73
248,47.06,39.78,32.56,25.61,18.32,13.48,8.93,2.22,0.84
249,47.13,39.72,32.76,25.65,18.26,13.53,8.89,2.16,0.78
250,47.09,39.83,32.61,25.47,18.62,13.67,8.98,2.19,0.8
251,47.07,39.83,32.61,25.6,18.38,13.98,8.9,2.14,0.77
252,47.03,39.78,32.53,25.53,18.33,13.5,8.66,2.31,0.77
253,47.06,39.81,32.61,25.62,18.32,13.56,8.85,2.26,0.76
254,47.06,39.76,32.59,25.6,18.4,13.62,8.75,2.4,0.77
255,46.81,39.71,32.54,25.38,18.32,13.54,8.94,2.21,0.77
256,47.01,39.81,32.58,25.58,18.27,13.64,8.79,2.58,0.86
257,47.06,39.69,32.61,25.54,18.46,13.55,8.71,2.37,0.87
258,47.09,39.72,32.63,25.6,18.41,13.67,8.77,2.21,0.88
259,47.07,39.79,32.59,25.6,18.4,13.61,8.87,2.21,0.87
260,47.13,39.75,32.62,25.57,18.27,13.42,8.68,2.32,0.86
261,47.16,39.78,32.54,25.57,18.37,13.54,8.84,2.25,0.86
262,47.14,39.86,32.67,25.65,18.29,13.52,8.81,2.27,0.81
263,47.11,39.8,32.59,25.57,18.34,13.52,8.77,2.27,0.81
264,47.12,39.79,32.67,25.61,18.35,13.58,8.85,2.33,0.79
265,47.1,39.77,32.54,25.57,18.29,13.56,8.76,2.37,0.81
266,47.08,39.83,32.61,25.62,18.37,13.59,8.81,2.26,0.81
267,47.05,39.76,32.58,25.57,18.39,13.54,8.79,2.38,0.79
268,46.83,39.82,32.62,25.54,18.39,13.53,8.77,2.3,0.83
269,46.91,39.77,32.58,25.57,18.34,13.62,8.71,2.39,0.83
270,47.1,39.83,32.56,25.65,18.32,13.54,8.77,2.21,0.84
271,46.94,39.88,32.61,25.64,18.44,13.64,8.76,2.43,0.83
272,46.8,39.8,32.67,25.59,18.42,13.57,8.88,2.26,0.81
273,46.9,39.87,32.56,25.64,18.45,13.66,8.92,2.32,0.84
274,47.01,39.85,32.56,25.58,18.36,13.61,8.86,2.36,0.85
275,47.03,39.78,32.57,25.59,18.33,13.67,8.85,2.31,0.84
276,47.07,39.78,32.54,25.56,18.28,13.59,8.69,2.25,0.85
277,47.07,39.74,32.56,25.63,18.33,13.55,8.89,2.23,0.78
278,47.04,39.88,32.53,25.59,18.36,13.58,8.91,2.36,0.8
279,47.05,39.76,32.55,25.52,18.29,13.62,9.18,2.27,0.82
280,47.02,39.79,32.53,25.53,18.29,13.65,8.82,2.35,0.79
281,47.04,39.9,32.59,25.53,18.31,13.64,8.84,2.35,0.77
282,47.04,39.88,32.58,25.52,18.43,13.55,8.74,2.45,0.79
283,47.08,39.78,32.58,25.6,18.41,13.66,8.84,2.35,0.83
284,47.05,39.8,32.57,25.61,18.4,13.6,8.82,2.39,0.84
285,47.07,39.82,32.61,25.64,18.36,13.56,8.87,2.39,0.85
286,47.14,39.93,32.58,25.65,18.34,13.57,8.78,2.43,0.8
287,47.12,39.9,32.69,25.69,18.48,13.71,8.89,2.39,0.85
288,47.12,39.86,32.67,25.64,18.48,13.65,8.82,2.51,0.81
289,47.18,39.82,32.69,25.69,18.41,13.69,8.82,2.39,0.81
290,47.06,39.84,32.67,25.64,18.38,13.66,8.73,2.4,0.87
291,47,39.79,32.63,25.61,18.47,13.52,8.73,2.38,0.85
292,46.7,39.8,32.59,25.54,18.3,13.55,8.79,2.43,0.8
293,46.04,39.81,32.55,25.57,18.37,13.57,8.78,2.39,0.76
294,46.03,39.8,32.61,25.5,18.37,13.65,8.89,2.35,0.8
295,45.97,39.76,32.58,25.59,18.45,13.54,8.86,2.35,0.79
296,46.04,39.83,32.57,25.55,18.36,13.52,8.74,2.41,0.78
297,46.05,39.83,32.59,25.59,18.35,13.5,8.91,2.37,0.78
298,46.02,39.86,32.59,25.59,18.37,13.5,8.76,2.41,0.8
299,46.07,39.84,32.59,25.59,18.35,13.51,8.9,2.32,0.82
300,46.02,39.85,32.61,25.59,18.34,13.52,8.72,2.41,0.84
301,46.38,39.68,32.58,25.61,18.3,13.64,8.71,2.41,0.85
302,46.62,39.76,32.61,25.6,18.27,13.57,8.81,2.35,0.82
303,46.62,39.78,32.65,25.66,18.32,13.64,8.79,2.33,0.8
304,46.66,39.73,32.66,25.67,18.4,13.55,8.73,2.46,0.82
305,46.66,39.7,32.65,25.65,18.32,13.57,8.77,2.77,0.81
306,46.64,39.7,32.59,25.53,18.32,13.52,8.75,3.21,0.8
307,46.6,39.74,32.59,25.52,18.27,13.52,8.81,3.25,0.83
308,46.64,39.74,32.58,25.53,18.27,13.56,8.78,3.3,0.79
309,46.77,39.83,31.97,25.2,18.42,13.52,8.8,3.33,0.8
310,46.74,39.8,31.54,25.01,18.37,13.57,8.72,3.17,0.79
311,46.73,39.72,31.04,25.06,18.41,13.59,8.67,3.17,0.84
312,46.67,39.84,30.54,25.26,18.49,13.58,8.91,3.28,0.86
313,46.66,39.78,30.59,24.97,18.4,13.6,8.82,3.31,0.89
314,46.65,39.82,30.51,25.14,18.38,13.56,8.72,3.22,0.86
315,46.65,39.86,30.68,25.2,18.31,13.58,8.79,3.23,0.88
316,46.68,39.76,30.7,25.12,18.3,13.54,8.74,3.35,0.87
317,46.69,39.82,30.7,25.09,18.29,13.52,8.8,3.35,0.86
318,46.62,39.76,30.55,25.17,18.34,13.54,8.82,3.28,0.86
319,46.69,39.79,30.61,25.14,18.24,13.58,8.75,3.31,0.83
320,46.92,39.79,30.53,25.11,18.29,13.57,8.84,3.24,0.82
321,47.06,39.79,30.59,25.13,18.32,13.6,8.73,3.34,0.88
322,47.04,39.82,30.64,25.17,18.34,13.61,8.89,3.45,0.88
323,47.03,39.73,30.55,25.15,18.39,13.53,8.82,3.97,0.82
324,47.03,39.74,30.61,25.13,18.27,13.57,8.76,4.16,0.82
325,47.03,39.7,30.58,25.28,18.26,13.59,8.83,4.22,0.84
326,47.07,39.79,30.54,25.42,18.29,13.59,8.9,4.28,0.83
327,47.15,39.78,30.65,25.43,18.37,13.59,8.69,4.24,0.84
328,47.18,39.83,30.56,25.45,18.38,13.59,8.85,4.35,0.81
329,47.17,39.71,30.64,25.47,18.35,13.59,8.8,4.31,0.83
330,47.12,39.79,30.62,25.41,18.37,13.68,8.86,4.23,0.84
331,47.09,39.87,30.65,25.42,18.36,13.59,8.71,4.27,0.82
332,47.06,39.83,30.61,25.43,18.37,13.55,8.88,4.28,0.83
333,47.05,39.76,30.72,25.11,18.38,13.58,8.79,4.44,0.83
334,47.09,39.81,30.68,24.65,18.36,13.6,8.82,4.5,0.83
335,47.1,39.73,30.59,24.9,18.32,13.57,8.5,4.35,0.83
336,47.09,39.8,30.67,24.51,18.38,13.51,8.42,4.34,0.85
337,47.07,39.79,30.63,24.63,18.32,13.57,8.23,4.28,0.83
338,47.06,39.78,30.59,24.63,18.39,13.59,8.04,4.31,0.85
339,47.06,39.75,30.57,24.62,18.37,13.6,7.84,4.32,0.84
340,47.08,39.78,30.64,24.62,18.29,13.59,7.71,4.22,0.82
341,47.1,39.85,30.61,24.66,18.32,13.57,7.61,4.28,0.86
342,47.01,39.77,30.67,24.65,18.37,13.67,7.49,4.34,0.85
343,46.99,39.74,30.53,24.61,18.4,13.57,7.13,4.23,0.84
344,47.02,39.77,30.53,24.62,18.33,13.5,7,4.3,0.83
345,47.04,39.88,30.73,24.61,18.25,13.57,6.85,4.24,0.88
346,47.05,39.8,30.53,24.65,18.4,13.59,6.59,4.36,0.87
347,47.03,39.81,30.61,24.69,18.38,13.59,6.49,4.22,0.85
348,47.09,39.71,30.61,24.65,18.41,13.48,6.43,4.47,0.9
349,47,39.75,30.54,24.56,18.3,13.67,6.08,4.84,0.89
350,47.07,39.74,30.57,24.6,18.24,13.5,6.1,4.79,0.88
351,47.03,39.77,30.59,24.62,18.33,13.54,5.79,4.8,0.88
352,47,39.75,30.53,24.5,18.28,13.6,5.65,4.85,0.87
353,46.99,39.79,30.53,24.48,18.24,13.57,5.41,4.83,0.85
354,47.06,39.75,30.54,24.53,18.3,13.52,5.25,4.81,0.85
355,47.04,39.92,30.67,24.6,18.26,13.54,5.08,4.84,0.85
356,47.03,39.84,30.64,24.62,18.4,13.53,4.88,4.81,0.85
357,47.02,39.79,30.53,24.64,18.34,13.61,4.94,4.9,0.88
358,47.03,39.8,30.62,24.66,18.32,13.51,4.91,4.86,0.89
359,47.04,39.83,30.67,24.61,18.29,13.52,4.93,4.91,0.88
360,47.05,39.84,30.57,24.67,18.31,13.58,4.91,4.87,0.83
361,47.08,39.72,30.56,24.65,18.39,13.6,4.91,4.87,0.83
362,47.07,39.8,30.59,24.63,18.38,13.6,4.97,4.93,0.83
363,47.03,39.76,30.59,24.66,18.36,13.56,5,4.94,0.86
364,47.02,39.75,30.59,24.62,18.28,13.49,4.97,4.93,0.9
365,47.03,39.82,30.59,24.62,18.3,13.59,4.93,4.9,0.88
366,47.04,39.79,30.59,24.62,18.32,13.59,4.95,4.9,0.88
367,47.05,39.85,30.5,24.63,18.33,13.6,4.95,4.91,0.88
368,47.04,39.78,30.49,24.7,18.32,13.58,4.95,4.91,0.88
369,47.03,39.8,30.55,24.66,18.27,13.5,4.99,4.94,0.88
370,47.03,39.78,30.53,24.63,18.3,13.56,4.99,4.96,0.88
371,47.03,39.82,30.55,24.66,18.24,13.54,5,4.96,0.88
372,47.09,39.86,30.57,24.64,18.27,13.5,4.97,4.92,0.88
373,47,39.77,30.57,24.6,18.33,13.5,4.98,4.93,0.88
374,47.03,39.8,30.52,24.65,18.28,13.62,4.95,4.91,0.88
375,47.03,39.75,30.53,24.66,18.28,13.6,4.96,4.92,0.88
376,47.04,39.78,30.56,24.64,18.27,13.6,4.94,4.9,0.88
377,47.03,39.85,30.64,24.59,18.26,13.61,4.96,4.93,0.88
378,47.03,39.82,30.61,24.58,18.33,13.59,4.91,4.88,0.88
379,47.05,39.79,30.62,24.64,18.28,13.59,4.93,4.89,0.88
380,47.05,39.82,30.55,24.61,18.36,13.56,4.94,4.9,0.88
381,47.03,39.77,30.61,24.61,18.34,13.6,4.96,4.92,0.88
382,47.04,39.78,30.56,24.63,18.36,13.56,4.97,4.95,0.88
383,47.01,39.74,30.52,24.63,18.36,13.56,4.99,4.95,0.88
384,47.06,39.78,30.55,24.66,18.28,13.58,4.97,4.94,0.88
385,47.03,39.78,30.62,24.59,18.29,13.53,4.98,4.93,0.88
386,47.04,39.82,30.61,24.65,18.28,13.57,4.96,4.93,0.88
387,47.03,39.79,30.61,24.68,18.35,13.59,4.96,4.92,0.88
388,47.04,39.79,30.58,24.62,18.35,13.58,5.01,4.96,0.88
389,47.05,39.83,30.51,24.58,18.32,13.62,4.98,4.93,0.88
390,47.05,39.78,30.57,24.65,18.31,13.56,4.96,4.91,0.88
391,46.99,39.76,30.64,24.61,18.29,13.53,4.97,4.91,0.88
392,47.03,39.73,30.63,24.63,18.28,13.49,4.95,4.9,0.88
393,47.01,39.82,30.56,24.59,18.34,13.62,4.95,4.91,0.88
394,47.03,39.76,30.56,24.69,18.27,13.56,4.97,4.93,0.88
395,47.03,39.85,30.61,24.61,18.31,13.62,4.96,4.93,0.88
396,47.05,39.76,30.58,24.68,18.31,13.51,5.01,4.96,0.88
397,46.99,39.83,30.52,24.64,18.32,13.62,4.94,4.91,0.88
398,47.02,39.73,30.81,24.57,18.26,13.65,4.96,4.93,0.88
399,47.01,39.68,31.26,24.49,18.23,13.7,4.93,4.9,0.88
400,47.03,39.67,31.74,24.5,18.19,13.73,4.89,4.87,0.88
401,47.03,39.65,32.25,24.53,18.16,13.7,4.92,4.9,0.88
402,47.05,39.67,32.53,24.53,18.19,13.72,4.92,4.89,0.88
403,47.03,39.67,32.45,24.76,18.29,13.75,4.92,4.89,0.88
404,47.03,39.67,32.48,24.95,18.26,13.77,4.93,4.89,0.88
405,47.02,39.61,32.5,25.22,18.23,13.78,4.94,4.91,0.88
406,47.03,39.66,32.45,25.47,18.2,13.78,4.95,4.91,0.88
407,47.02,39.72,32.49,25.52,18.3,13.81,5.03,4.91,0.88
408,47.02,39.72,32.51,25.53,18.37,14.02,5.1,4.94,0.88
409,47.03,39.78,32.57,25.56,18.51,14.05,5.14,4.94,0.88
410,47.03,39.85,32.65,25.66,18.57,14.05,5.15,4.91,0.88
411,47.02,39.79,32.59,25.68,18.65,14.13,5.14,4.95,0.88
412,47.03,39.83,32.58,25.67,18.64,14.13,5.14,4.91,0.88
413,47.04,39.87,32.58,25.65,18.66,14.12,5.13,4.97,0.88
414,47.02,39.98,32.53,25.64,18.9,14.08,5.19,4.88,0.88
415,47.04,39.99,32.49,25.6,18.96,14.11,5.62,4.88,0.88
416,47.03,39.99,32.53,25.57,18.77,14.09,6.53,4.91,0.88
417,47.03,40,32.5,25.59,18.58,13.98,7.47,4.91,0.88
418,47.03,39.74,32.62,25.61,18.5,13.84,8.26,4.85,0.88
419,46.99,39.78,32.47,25.56,18.48,13.79,8.94,4.81,0.88
420,47.02,39.8,32.52,25.52,18.39,13.62,9.43,4.8,0.88
421,47.02,39.78,32.53,25.53,18.3,13.53,9.41,4.91,0.88
422,47.04,39.8,32.5,25.57,18.35,13.57,9.43,4.85,0.88
423,47.01,39.82,32.5,25.54,18.37,13.63,9.42,4.83,0.88
424,47.02,39.83,32.55,25.52,18.4,13.58,9.43,4.86,0.88
425,47,39.81,32.49,25.54,18.37,13.59,9.44,4.84,0.88
426,47.03,39.88,32.49,25.5,18.37,13.52,9.42,4.82,0.88
427,47,39.93,32.53,25.54,18.29,13.57,9.43,4.81,0.88
428,47,39.86,32.53,25.58,18.32,13.52,9.37,4.82,0.88
429,47.01,39.85,32.47,25.57,18.36,13.54,9.42,4.81,0.88
430,47.03,39.91,32.53,25.53,18.37,13.47,9.39,4.86,0.88
431,47.01,39.9,32.55,25.56,18.33,13.58,9.42,4.82,0.88
432,47.03,39.76,32.52,25.59,18.37,13.51,9.4,4.82,0.88
433,47.02,39.73,32.52,25.56,18.39,13.49,9.4,4.84,0.88
434,47.03,39.74,32.53,25.53,18.37,13.49,9.43,4.87,0.88
435,47.02,39.78,32.55,25.52,18.34,13.51,9.42,4.84,0.88
436,46.99,39.78,32.55,25.53,18.33,13.49,9.4,4.84,0.88
437,47.09,39.74,32.68,25.59,18.4,13.54,9.42,4.84,0.88
438,46.97,39.89,32.65,25.67,18.46,13.68,9.42,4.86,0.88
439,47.14,39.68,32.42,25.65,18.67,13.8,9.29,4.87,0.88
440,47.17,39.78,32.58,25.55,18.37,13.65,9.38,4.86,0.88
441,47.13,39.93,32.59,25.62,18.34,13.73,9.4,4.84,0.88
442,47.12,39.74,32.72,25.75,18.42,13.83,9.44,4.84,0.88
443,47.15,39.77,32.64,25.68,18.42,14.01,9.43,4.96,0.88
444,47.18,39.88,32.68,25.63,18.3,13.8,9.33,4.97,0.88
445,47.18,39.75,32.65,25.49,18.4,13.55,9.31,4.87,0.88
446,47.15,39.95,32.53,25.51,18.43,13.58,9.47,4.79,0.88
447,47.16,39.97,32.65,25.57,18.34,13.62,9.43,4.87,0.88
448,47.11,39.8,32.61,25.57,18.54,13.65,9.47,4.86,0.88
449,47.11,39.69,32.53,25.54,18.58,13.58,9.5,4.86,0.88
450,47.31,39.88,32.72,25.56,18.56,13.58,9.49,5.08,0.88
451,47.12,39.67,32.58,25.52,18.61,13.53,9.99,5.18,0.88
452,47.15,39.84,32.57,25.47,18.55,13.82,9.57,4.99,0.88
453,47.11,39.83,32.54,25.51,18.64,13.73,9.67,4.92,0.88
454,47.13,39.79,32.52,25.55,18.55,13.8,9.52,4.87,0.88
455,47.1,39.67,32.52,25.54,18.52,13.6,9.4,5.08,0.88
456,47.09,39.74,32.54,25.54,18.55,13.67,8.78,4.94,0.88
457,47.02,39.79,32.53,25.53,18.55,13.65,8.8,5.02,0.88
458,47.02,39.7,32.52,25.51,18.51,13.67,8.86,4.99,0.88
459,47.01,39.77,32.51,25.55,18.49,13.66,8.94,4.96,0.88
460,47.08,39.74,32.51,25.5,18.5,13.66,9.03,4.93,0.88
461,47.08,39.9,32.56,25.52,18.43,13.62,8.87,4.93,0.88
462,47.08,39.78,32.5,25.53,18.54,13.69,8.99,4.95,0.88
463,47.07,39.8,32.56,25.56,18.46,13.64,8.86,4.99,0.88
464,47.11,39.75,32.56,25.52,18.47,13.62,9.04,4.89,0.88
465,47.13,39.88,32.53,25.51,18.44,13.64,9,4.88,0.88
466,47.08,39.67,32.53,25.55,18.5,13.67,8.92,4.96,0.88
467,47.02,39.73,32.51,25.51,18.46,13.63,8.93,4.93,0.88
468,47.05,39.71,32.55,25.53,18.52,13.63,8.96,4.93,0.88
469,47.11,39.84,32.53,25.54,18.46,13.67,8.94,4.96,0.88
470,47.11,39.8,32.51,25.5,18.55,13.62,8.96,4.96,0.88
471,47.08,39.76,32.54,25.55,18.51,13.68,8.93,4.93,0.88
472,47.06,39.79,32.53,25.52,18.51,13.64,8.98,4.93,0.88
473,47.06,39.74,32.56,25.54,18.49,13.68,8.93,4.93,0.88
474,47.05,39.8,32.54,25.51,18.45,13.64,8.91,4.92,0.88
475,47.02,39.74,32.53,25.5,18.54,13.61,8.86,4.84,0.88
476,47.01,39.72,32.5,25.52,18.49,13.65,8.9,4.82,0.88
477,46.96,39.72,32.53,25.51,18.43,13.66,8.92,4.81,0.88
478,47.04,39.74,32.5,25.49,18.44,13.59,8.85,4.87,0.88
479,47.05,39.79,32.5,25.54,18.46,13.61,8.87,4.86,0.88
480,47.03,39.79,32.53,25.52,18.49,13.73,8.87,4.94,0.88
481,47.12,39.78,32.56,25.53,18.5,13.64,8.89,5.07,0.88
482,47.1,39.76,32.53,25.52,18.47,13.59,8.86,4.95,0.88
483,47.1,39.77,32.52,25.53,18.5,13.65,8.91,5.02,0.88
484,47.05,39.73,32.55,25.55,18.51,13.56,8.82,5.03,0.88
485,47.02,39.76,32.5,25.52,18.48,13.57,8.78,4.96,0.88
486,47.08,39.74,32.52,25.53,18.44,13.53,8.9,4.94,0.88
487,47.14,39.76,32.54,25.54,18.52,13.6,8.89,4.83,0.88
488,47.14,39.74,32.53,25.53,18.54,13.65,8.81,4.91,0.88
489,47.12,39.71,32.56,25.52,18.51,13.57,8.87,4.91,0.88
490,47.11,39.74,32.51,25.52,18.45,13.55,8.93,4.83,0.88
491,47.1,39.72,32.53,25.51,18.51,13.57,8.89,4.79,0.88
492,47.06,39.7,32.53,25.52,18.47,13.55,8.9,4.86,0.88
493,47.08,39.72,32.52,25.53,18.47,13.58,8.83,4.84,0.88
494,47.08,39.76,32.53,25.54,18.5,13.53,8.82,4.85,0.88
495,47.06,39.75,32.5,25.54,18.5,13.62,8.87,4.84,0.88
496,47.06,39.76,32.56,25.49,18.48,13.56,8.83,4.86,0.88
497,47.06,39.74,32.5,25.56,18.47,13.56,8.84,4.85,0.88
498,47.08,39.75,32.53,25.57,18.53,13.56,8.83,4.87,0.88
499,47.1,39.75,32.53,25.59,18.47,13.54,8.88,4.96,0.88
500,47.1,39.72,32.55,25.41,18.53,13.55,8.91,4.97,0.88
501,47.09,39.7,32.56,25.34,18.44,13.59,8.86,4.97,0.88
502,47.07,39.74,32.5,25.54,18.42,13.49,8.8,4.91,0.88
503,47.05,39.72,32.54,25.55,18.46,13.53,8.84,4.81,0.88
504,47.02,39.73,32.49,25.54,18.48,13.56,8.88,4.85,0.88
505,47.03,39.72,32.5,25.53,18.44,13.53,8.88,4.85,0.88
506,47.04,39.75,32.53,25.54,18.47,13.52,8.82,4.87,0.88
507,47.02,39.75,32.52,25.54,18.46,13.51,8.8,4.9,0.88
508,47.03,39.71,32.55,25.52,18.45,13.54,8.85,4.83,0.88
509,47.03,39.7,32.52,25.53,18.43,13.53,8.86,4.84,0.88
510,47,39.7,32.55,25.45,18.41,13.57,8.87,4.82,0.88
511,47.03,39.7,32.47,25.53,18.44,13.52,8.82,4.79,0.88
512,47.04,39.72,32.53,25.5,18.49,13.52,8.87,4.58,0.88
513,47.02,39.7,32.55,25.53,18.48,13.56,8.84,4.43,0.88
514,47.03,39.7,32.5,25.51,18.5,13.56,8.89,4.25,0.88
515,47.04,39.74,32.51,25.5,18.5,13.55,8.8,4.2,0.88
516,47.01,39.73,32.49,25.52,18.51,13.58,8.86,3.98,0.88
517,47.04,39.71,32.52,25.52,18.46,13.54,8.83,4.12,0.88
518,47.09,39.76,32.55,25.53,18.47,13.53,8.81,4.04,0.88
519,47.08,39.75,32.53,25.56,18.52,13.55,9,4.08,0.88
520,47.07,39.7,32.53,25.57,18.45,13.59,8.84,4.15,0.88
521,47.12,39.72,32.59,25.65,18.53,13.57,8.94,4.22,0.88
522,47.16,39.71,32.65,25.55,18.54,13.54,8.91,4.3,0.88
523,47.11,39.78,32.42,25.56,18.52,13.69,8.85,4.13,0.88
524,47.1,39.72,32.56,25.53,18.45,13.49,8.87,4.11,0.88
525,47.11,39.76,32.54,25.63,18.52,13.6,8.95,4.13,0.88
526,47.08,39.76,32.5,25.59,18.44,13.6,8.79,4.13,0.88
527,47.09,39.75,32.51,25.51,18.47,13.54,8.75,4.14,0.88
528,47.08,39.7,32.53,25.51,18.46,13.54,8.79,4.13,0.88
529,47.14,39.73,32.57,25.51,18.46,13.52,8.87,4.15,0.88
530,46.9,39.84,32.61,25.63,18.52,13.49,8.9,4.13,0.88
531,47.06,39.78,32.52,25.68,18.65,13.55,8.85,4.16,0.88
532,47.12,39.83,32.53,25.66,18.51,13.57,8.99,4.19,0.88
533,47.15,39.75,32.62,25.62,18.52,13.56,8.9,4.15,0.88
534,47.11,39.82,32.5,25.55,18.54,13.6,9.15,4.12,0.88
535,47.1,39.72,32.53,25.55,18.51,13.49,8.84,4.18,0.88
536,47.08,39.74,32.55,25.49,18.44,13.52,9.02,4.16,0.88
537,47.09,39.74,32.51,25.51,18.36,13.55,8.81,4.16,0.88
538,47.12,39.74,32.53,25.51,18.45,13.49,8.89,4.08,0.88
539,47.09,39.75,32.62,25.58,18.5,13.55,8.93,4.12,0.88
540,47.22,39.79,32.68,25.78,18.51,13.8,9.12,4.14,0.88
541,47.25,39.74,32.75,25.83,18.57,13.76,9.16,4.18,0.88
542,47.22,39.76,32.73,25.77,18.55,13.81,9.2,4.15,0.88
543,47.19,39.76,32.69,25.78,18.53,13.79,9.17,4.27,0.88
544,47.24,39.76,32.67,25.76,18.55,13.73,8.99,4.18,0.88
545,47.22,39.76,32.66,25.81,18.57,13.76,9.15,4.22,0.88
546,47.22,39.76,32.68,25.74,18.57,13.81,9.12,4.26,0.88
547,47.21,39.73,32.66,25.74,18.53,13.76,9.15,4.09,0.88
548,47.18,39.7,32.67,25.71,18.52,13.76,9.1,4.22,0.88
549,47.15,39.74,32.61,25.68,18.5,13.79,9.14,4.06,0.88
550,47.12,39.71,32.58,25.66,18.5,13.79,9.14,4.18,0.88
551,47.09,39.72,32.55,25.6,18.5,13.58,9.21,4.18,0.88
552,47.1,39.69,32.55,25.6,18.48,13.53,9.19,4.17,0.88
553,47.1,39.72,32.49,25.54,18.45,13.63,9.13,4.11,0.88
554,47.1,39.73,32.54,25.51,18.42,13.53,8.88,4.19,0.88
555,47.03,39.79,32.45,25.49,18.45,13.64,8.74,4.18,0.88
556,47.15,39.81,32.57,25.5,18.45,13.54,8.74,4.1,0.88
557,47.15,39.73,32.65,25.73,18.51,13.61,8.69,4.21,0.88
558,47.07,39.85,32.51,25.59,18.51,13.6,8.85,4.1,0.88
559,47.1,39.8,32.59,25.55,18.49,13.58,8.72,3.96,0.88
560,47.21,39.8,32.59,25.54,18.51,13.77,8.79,4.15,0.88
561,47.1,39.78,32.57,25.62,18.54,13.66,8.79,3.93,0.88
562,47.17,39.83,32.54,25.61,18.47,13.7,8.84,4.03,0.88
563,47.12,39.75,32.55,25.64,18.5,13.62,8.8,3.97,0.88
564,47.03,39.81,32.72,25.75,18.57,13.69,8.85,4.09,0.88
565,47.11,39.8,32.62,25.7,18.53,13.61,8.83,4.04,0.88
566,47.1,39.73,32.62,25.63,18.5,13.56,8.89,4.09,0.88
567,47.1,39.85,32.64,25.61,18.54,13.61,8.85,4.12,0.88
568,47.11,39.75,32.67,25.63,18.47,13.56,8.74,4.15,0.88
569,47.1,39.78,32.61,25.59,18.5,13.57,8.73,4.22,0.88
570,47.21,39.77,32.68,25.65,18.53,13.78,8.9,4.16,0.88
571,47.21,39.79,32.7,25.66,18.51,13.69,8.76,4.2,0.88
572,47.09,39.74,32.63,25.63,18.5,13.59,8.76,4.06,0.88
573,47.08,39.76,32.55,25.58,18.49,13.6,8.62,3.97,0.88
574,47.02,39.71,32.52,25.58,18.52,13.79,8.8,4,0.88
575,47.05,39.72,32.51,25.51,18.5,13.83,8.78,4.04,0.88
576,47.02,39.72,32.5,25.51,18.44,13.79,8.76,4,0.88
577,47.14,39.85,32.56,25.56,18.52,13.76,8.71,4.06,0.88
578,47.14,39.75,32.59,25.71,18.53,13.83,9.02,4.14,0.88
579,47.17,39.82,32.61,25.69,18.6,13.96,9.26,4.14,0.88
580,47.17,39.79,32.62,25.7,18.56,13.82,9.05,4.09,0.88
581,47.14,39.84,32.53,25.64,18.52,13.84,9.06,4.23,0.88
582,47.08,39.76,32.54,25.62,18.48,13.86,9.03,3.65,0.88
583,47.02,39.71,32.51,25.57,18.46,13.85,8.88,3.29,0.88
584,47.03,39.77,32.49,25.5,18.46,13.84,9.07,2.96,0.88
585,47.04,39.74,32.58,25.57,18.4,13.84,8.79,2.99,0.88
586,47.09,39.8,32.53,25.59,18.5,13.83,8.89,3.04,0.88
587,47.17,39.74,32.68,25.94,18.72,13.9,8.85,3.15,0.88
588,47.38,40.07,32.84,25.79,18.77,13.79,8.91,3.04,0.88
589,47.24,39.89,32.78,25.84,18.61,13.96,8.72,2.89,0.88
590,47.36,39.9,32.86,25.72,18.51,13.88,8.87,3,0.88
591,47.31,39.9,32.72,25.81,18.55,13.88,8.8,3.01,0.88
592,47.27,39.83,32.73,25.87,18.54,13.88,8.73,3.12,0.88
593,47.3,39.88,32.77,25.74,18.52,13.81,8.82,3.07,0.88
594,47.35,39.84,32.8,25.8,18.55,13.77,8.77,3.08,0.88
595,47.28,39.86,32.7,25.6,18.51,13.6,8.81,3.16,0.88
596,47.2,39.82,32.64,25.58,18.53,13.55,8.74,3.12,0.88
597,47.27,39.81,32.69,25.78,18.61,13.72,8.67,3.15,0.88
598,47.13,39.78,32.72,25.68,18.52,13.65,8.77,3.1,0.88
599,47.14,39.76,32.67,25.68,18.63,13.7,8.82,3.11,0.88
600,47.19,39.87,32.64,25.62,18.57,13.77,8.85,3.08,0.88
601,47.16,39.81,32.67,25.71,18.54,13.55,8.75,3.13,0.88
602,47.15,39.86,32.67,25.66,18.56,13.57,8.88,3.03,0.88
603,47.12,39.76,32.75,25.6,18.52,13.7,8.76,3.03,0.88
604,47.03,39.85,32.66,25.7,18.59,13.71,8.77,3.13,0.88
605,46.98,39.78,32.7,25.7,18.61,13.68,8.81,3.08,0.88
606,46.88,39.85,32.71,25.7,18.59,13.81,8.87,3.11,0.88
607,47.01,39.75,32.75,25.71,18.6,13.54,8.73,3.09,0.88
608,46.96,39.78,32.74,25.78,18.51,13.41,8.87,3.1,0.88
609,47.22,39.83,32.75,25.44,18.48,13.49,8.83,3.13,0.88
610,47.11,39.75,32.68,25.77,18.63,13.72,8.8,3.07,0.88
611,47.16,39.78,32.69,25.71,18.6,13.63,8.9,3.14,0.88
612,47.23,39.76,32.76,25.75,18.63,13.76,8.79,3.13,0.88
613,47.1,39.79,32.7,25.73,18.54,13.69,8.68,2.93,0.88
614,47.23,39.84,32.84,25.68,18.85,14.22,11.1,6.51,0.88
615,47.22,39.76,32.74,25.8,18.44,13.99,10.74,5.04,0.88
616,47.23,39.74,32.75,25.88,18.63,14.17,10.75,5.1,0.88
617,47.21,39.79,32.73,25.57,18.55,14.19,10.61,5.2,0.88
618,47.26,39.78,32.74,25.6,18.53,14.06,10.67,5.1,0.88
619,47.22,39.77,32.65,25.64,18.55,14.15,10.61,5.02,0.88
620,47.19,39.83,32.59,25.62,18.51,14.11,10.57,5.07,0.88
621,47.19,39.72,32.51,25.58,18.63,13.83,10.45,5,0.88
622,47.05,39.77,32.69,25.57,18.43,13.55,9.62,4.31,0.88
623,47.15,39.83,32.65,25.57,18.45,13.57,9.27,4.14,0.88
624,47.17,39.83,32.7,25.64,18.54,13.65,8.99,3.67,0.88
625,47.19,39.82,32.68,25.66,18.54,13.57,8.75,3.37,0.88
626,47.2,39.82,32.69,25.67,18.56,13.64,8.81,3.03,0.88
627,47,39.79,32.75,25.68,18.56,13.59,8.71,3.07,0.88
628,46.97,39.81,32.7,25.63,18.51,13.61,8.84,3.04,0.88
629,46.91,39.8,32.63,25.6,18.51,13.55,8.78,2.87,0.88
630,47.09,39.79,32.58,25.55,18.47,13.64,8.77,2.69,0.88
631,47.14,39.82,32.58,25.56,18.46,13.56,8.8,2.52,0.88
632,47.16,39.75,32.63,25.62,18.49,13.57,8.74,2.39,0.88
633,47.15,39.79,32.61,25.61,18.56,13.62,8.87,2.27,0.88
634,47.15,39.85,32.61,25.59,18.58,13.59,8.78,2.28,0.88
635,47.14,39.76,32.64,25.63,18.59,13.54,8.86,2.36,0.88
636,47.14,39.8,32.59,25.6,18.62,13.59,8.72,2.33,0.88
637,47.14,39.77,32.66,25.58,18.55,13.64,8.77,2.24,0.88
638,47.16,39.73,32.69,25.63,18.56,13.6,8.72,2.3,0.88
639,47.16,39.78,32.61,25.6,18.58,13.68,8.84,2.25,0.88
640,47.15,39.78,32.59,25.59,18.57,13.61,8.74,2.31,0.88
641,47.14,39.76,32.65,25.61,18.61,13.69,8.78,2.24,0.88
642,47.18,39.73,32.78,25.73,18.53,13.66,8.7,2.21,0.88
643,47.18,39.76,32.72,25.74,18.6,13.65,8.83,2.23,0.88
644,47.14,39.81,32.66,25.67,18.51,13.62,8.8,2.28,0.88
645,47.09,39.77,32.64,25.61,18.5,13.64,8.86,2.28,0.88
646,47.12,39.75,32.67,25.61,18.5,13.59,8.8,2.26,0.88
647,47.1,39.76,32.64,25.64,18.51,13.5,8.79,2.28,0.88
648,47.08,39.8,32.63,25.6,18.48,13.59,8.79,2.35,0.88
649,47.09,39.81,32.64,25.58,18.43,13.66,8.78,2.33,0.88
650,47.1,39.81,32.67,25.59,18.4,13.71,8.78,2.29,0.88
651,47.08,39.76,32.64,25.59,18.38,13.55,8.75,2.27,0.88
652,47.06,39.77,32.59,25.56,18.46,13.64,8.73,2.32,0.88
653,47.08,39.77,32.61,25.55,18.47,13.61,8.86,2.23,0.88
654,47.08,39.87,32.59,25.53,18.48,13.66,8.75,2.23,0.88
655,47.06,39.79,32.64,25.56,18.48,13.59,8.69,2.3,0.88
656,47.04,39.75,32.59,25.56,18.56,13.61,8.71,2.31,0.88
657,47.04,39.76,32.59,25.55,18.53,13.61,8.72,2.31,0.88
658,47.03,39.76,32.59,25.55,18.49,13.65,8.77,2.32,0.88
659,47.04,39.76,32.59,25.56,18.44,13.58,8.75,2.34,0.88
660,47,39.74,32.64,25.49,18.47,13.55,8.76,2.33,0.88
661,47.05,39.72,32.67,25.5,18.46,13.57,8.83,2.19,0.88
662,47.06,39.74,32.63,25.58,18.45,13.58,8.7,2.39,0.88
663,47.16,39.8,32.65,25.62,18.48,13.53,8.68,2.35,0.88
664,46.99,39.69,32.61,25.67,18.48,13.66,8.74,2.32,0.88
665,47.06,39.71,32.59,25.58,18.44,13.67,8.8,2.34,0.88
666,47.06,39.89,32.53,25.55,18.48,13.58,8.68,2.36,0.88
667,47.05,39.73,32.64,25.6,18.47,13.63,8.69,2.34,0.88
668,47.05,39.84,32.56,25.6,18.49,13.56,8.67,2.36,0.88
669,47.06,39.75,32.66,25.62,18.49,13.64,8.76,2.37,0.88
670,47.05,39.77,32.56,25.65,18.49,13.65,8.76,2.37,0.88
671,46.94,39.76,32.39,25.73,18.49,13.59,8.78,2.37,0.88
672,47.05,39.74,32.51,25.59,18.48,13.57,8.76,2.34,0.88
673,47.02,39.8,32.53,25.58,18.41,13.62,8.79,2.28,0.88
674,47.02,39.72,32.47,25.6,18.47,13.6,8.73,2.34,0.88
675,47.02,39.81,32.57,25.53,18.47,13.63,8.77,2.33,0.88
676,46.91,39.76,32.56,25.44,18.61,13.58,8.67,2.31,0.88
677,46.86,39.73,32.55,25.42,18.41,13.59,8.77,2.44,0.88
678,46.88,39.78,32.51,25.49,18.29,13.57,8.71,2.38,0.88
679,46.94,39.77,32.56,25.52,18.3,13.56,8.7,2.34,0.88
680,47.01,39.82,32.48,25.51,18.36,13.6,8.81,2.34,0.88
681,46.89,39.79,32.52,25.54,18.45,13.56,8.75,2.32,0.88
682,46.89,39.82,32.5,25.5,18.51,13.69,8.82,2.26,0.88
683,46.93,39.75,32.24,25.34,18.65,13.73,8.86,2.29,0.88
684,47.08,39.74,31.64,25.12,18.4,13.66,8.82,2.8,0.88
685,47.06,39.8,31.07,24.83,18.49,13.57,8.77,2.7,0.88
686,47.08,39.82,30.53,24.5,18.64,13.69,8.82,2.87,0.88
687,47.04,39.8,30.55,24.58,18.46,13.62,8.73,3.38,0.88
688,47.05,39.82,30.56,24.59,18.44,13.54,8.77,3.76,0.88
689,47.05,39.78,30.64,24.61,18.48,13.59,8.73,4.08,0.88
690,47.04,39.75,30.59,24.54,18.46,13.58,8.78,4.41,0.88
691,47.08,39.77,30.56,24.54,18.47,13.53,8.8,4.51,0.88
692,47.01,39.7,30.63,24.58,18.44,13.54,8.71,4.68,0.88
693,47.09,39.74,30.55,24.54,18.44,13.57,8.71,4.8,0.88
694,47.05,39.75,30.61,24.61,18.44,13.53,8.78,4.85,0.88
695,47.04,39.75,30.59,24.58,18.49,13.56,8.75,4.9,0.88
696,47.02,39.75,30.61,24.57,18.48,13.51,8.84,4.89,0.88
697,47.05,39.77,30.55,24.62,18.47,13.62,8.76,4.86,0.88
698,47.09,39.76,30.64,24.68,18.58,13.69,8.77,5.04,0.88
699,47.07,39.78,30.62,24.6,18.51,13.55,8.83,4.87,0.88
700,47.01,39.74,30.62,24.66,18.5,13.6,8.52,4.91,0.88
701,46.96,39.81,30.56,24.53,18.59,13.59,8.41,4.91,0.88
702,46.92,39.78,30.53,24.61,18.51,13.57,8.11,4.94,0.88
703,46.85,39.78,30.59,24.56,18.47,13.53,7.85,4.92,0.88
704,46.85,39.75,30.53,24.57,18.53,13.58,7.59,4.87,0.88
705,46.83,39.79,30.55,24.53,18.43,13.68,7.43,4.91,0.88
706,46.88,39.74,30.52,24.53,18.38,13.65,7.1,4.92,0.88
707,46.97,39.72,30.59,24.55,18.36,13.61,6.98,4.85,0.88
708,47.1,39.74,30.55,24.59,18.4,13.62,6.85,4.83,0.88
709,47.11,39.78,30.62,24.59,18.41,13.67,6.9,4.87,0.88
710,47.06,39.74,30.56,24.63,18.47,13.67,6.85,4.91,0.88
711,47.02,39.7,30.56,24.52,18.54,13.69,6.72,4.85,0.88
712,47.06,39.71,30.54,24.55,18.43,13.73,6.42,4.85,0.88
713,47.08,39.7,30.55,24.58,18.41,13.67,6.19,4.85,0.88
714,47.12,39.8,30.57,24.6,18.43,13.64,5.88,4.86,0.88
715,47.12,39.78,30.59,24.6,18.47,13.69,5.74,4.82,0.88
716,47.12,39.77,30.55,24.59,18.47,13.73,5.71,4.81,0.88
717,47.11,39.8,30.61,24.57,18.46,13.73,5.71,4.81,0.88
718,47.13,39.67,30.65,24.54,18.46,13.72,5.64,4.85,0.88
719,47.14,39.78,30.66,24.57,18.45,13.64,5.38,4.91,0.88
720,47.14,39.78,30.62,24.61,18.45,13.66,5.14,4.89,0.88
721,47.13,39.78,30.59,24.58,18.49,13.72,4.88,4.84,0.88
722,47.1,39.71,30.52,24.58,18.49,13.74,4.85,4.82,0.88
723,47.12,39.77,30.53,24.54,18.45,13.49,5.01,4.98,0.88
724,47.16,39.74,30.61,24.6,18.48,13.68,4.95,4.93,0.88
725,47.14,39.8,30.52,24.62,18.58,13.79,4.97,4.96,0.88
726,47.15,39.74,30.67,24.62,18.55,13.75,4.99,4.95,0.88
727,47.2,39.79,30.55,24.62,18.54,13.73,4.99,4.97,0.88
728,47.18,39.78,30.55,24.58,18.55,13.68,4.98,4.94,0.88
729,47.22,39.74,30.56,24.58,18.53,13.68,4.99,4.96,0.88
730,47.15,39.78,30.56,24.58,18.51,13.68,4.99,4.94,0.88
